{
  "grad_norm": [
    165.4269201589856
  ],
  "grad_norm_T": [
    2000085
  ],
  "loss": [
    51.68217849731445
  ],
  "loss_T": [
    2000085
  ],
  "q_taken_mean": [
    0.826894199146944
  ],
  "q_taken_mean_T": [
    2000085
  ],
  "target_mean": [
    0.05184366773156559
  ],
  "target_mean_T": [
    2000085
  ],
  "td_error_abs": [
    6.203578724580653
  ],
  "td_error_abs_T": [
    2000085
  ],
  "test_battle_won_mean": [
    1.0
  ],
  "test_battle_won_mean_T": [
    2000085
  ],
  "test_dead_allies_mean": [
    5.0
  ],
  "test_dead_allies_mean_T": [
    2000085
  ],
  "test_dead_enemies_mean": [
    9.0
  ],
  "test_dead_enemies_mean_T": [
    2000085
  ],
  "test_ep_length_mean": [
    68.0
  ],
  "test_ep_length_mean_T": [
    2000085
  ],
  "test_return_mean": [
    20.000000000000007
  ],
  "test_return_mean_T": [
    2000085
  ],
  "test_return_std": [
    0.0
  ],
  "test_return_std_T": [
    2000085
  ]
}